country,accession_date,exit_date
Belgium,1958-01-01,
France,1958-01-01,
Germany,1958-01-01,
Italy,1958-01-01,
Luxembourg,1958-01-01,
Netherlands,1958-01-01,
Denmark,1973-01-01,
Ireland,1973-01-01,
United Kingdom,1973-01-01,2020-01-31
Greece,1981-01-01,
Portugal,1986-01-01,
Spain,1986-01-01,
Austria,1995-01-01,
Finland,1995-01-01,
Sweden,1995-01-01,
Cyprus,2004-05-01,
Czech Republic,2004-05-01,
Estonia,2004-05-01,
Hungary,2004-05-01,
Latvia,2004-05-01,
Lithuania,2004-05-01,
Malta,2004-05-01,
Poland,2004-05-01,
Slovak Republic,2004-05-01,
Slovenia,2004-05-01,
Bulgaria,2007-01-01,
Romania,2007-01-01,
Croatia,2013-07-01,
