country,1952,1957,1962,1967,1972,1977,1982,1987,1992,1997,2002,2007
France,67.41,68.93,70.51,71.55,72.38,73.83,74.89,76.34,77.46,78.64,79.59,80.657
Germany,67.5,69.1,70.3,70.8,71,72.5,73.8,74.847,76.07,77.34,78.67,79.406
Italy,65.94,67.81,69.24,71.06,72.19,73.48,74.98,76.42,77.44,78.82,80.24,80.546
Norway,72.67,73.44,73.47,74.08,74.34,75.37,75.97,75.89,77.32,78.32,79.05,80.196
Poland,61.31,65.77,67.64,69.61,70.85,70.67,71.32,70.98,70.99,72.75,74.67,75.563
Spain,64.94,66.66,69.69,71.44,73.06,74.39,76.3,76.9,77.57,78.77,79.78,80.941
Sweden,71.86,72.49,73.37,74.16,74.72,75.44,76.42,77.19,78.16,79.39,80.04,80.884
Switzerland,69.62,70.56,71.32,72.77,73.78,75.39,76.21,77.41,78.03,79.37,80.62,81.701
Turkey,43.585,48.079,52.098,54.336,57.005,59.507,61.036,63.108,66.146,68.835,70.845,71.777
